{
  "n_queries": 20,
  "n_judgments": 200,
  "hit_at_k": {
    "1": {
      "strict": 0.0,
      "lenient": 0.25
    },
    "3": {
      "strict": 0.05,
      "lenient": 0.65
    },
    "5": {
      "strict": 0.1,
      "lenient": 0.7
    },
    "10": {
      "strict": 0.1,
      "lenient": 0.8
    }
  },
  "label_distribution": {
    "0": [
      166,
      0.83
    ],
    "1": [
      31,
      0.155
    ],
    "2": [
      3,
      0.015
    ]
  },
  "per_query_best_label": {
    "1": 14,
    "0": 4,
    "2": 2
  },
  "lex_vs_llm": {
    "high_lex": {
      "0": 8,
      "1": 2,
      "2": 1
    },
    "low_lex": {
      "0": 158,
      "1": 29,
      "2": 2
    }
  },
  "same_file_vs_llm": {
    "same_file": {
      "0": 26,
      "1": 6
    },
    "diff_file": {
      "0": 140,
      "1": 25,
      "2": 3
    }
  },
  "sim_per_label": {
    "0": {
      "n": 166,
      "mean_sim": 0.7497557512966984,
      "median_sim": 0.749612033367157
    },
    "1": {
      "n": 31,
      "mean_sim": 0.7695844923296282,
      "median_sim": 0.7575809955596924
    },
    "2": {
      "n": 3,
      "mean_sim": 0.7630830605824789,
      "median_sim": 0.7526811361312866
    }
  }
}